{"bleu": {"Consist\u00eancia": 0.27817348410370885, "Naturalidade": 0.35478732274851027, "Relev\u00e2ncia": 0.3328054602713908, "Coer\u00eancia": 0.3514514680621345}, "bleu-1": {"Consist\u00eancia": 0.31318036241791686, "Naturalidade": 0.2793977551040323, "Relev\u00e2ncia": 0.2833953689651164, "Coer\u00eancia": 0.2718567627407713}, "bleu-2": {"Consist\u00eancia": 0.26593545729422474, "Naturalidade": 0.2676215553558844, "Relev\u00e2ncia": 0.24914944631408872, "Coer\u00eancia": 0.2727975658478252}, "rouge-1": {"Consist\u00eancia": 0.20841757120747714, "Naturalidade": 0.28857051903375563, "Relev\u00e2ncia": 0.2911671651265651, "Coer\u00eancia": 0.24265423117394916}, "rouge-2": {"Consist\u00eancia": 0.17757167669813148, "Naturalidade": 0.26632236059388953, "Relev\u00e2ncia": 0.23054574826323027, "Coer\u00eancia": 0.24046921080213124}, "rouge-l": {"Consist\u00eancia": 0.28377486754690245, "Naturalidade": 0.3570132436622922, "Relev\u00e2ncia": 0.38160883317667027, "Coer\u00eancia": 0.34831375335414066}, "meteor": {"Consist\u00eancia": 0.3242841819986314, "Naturalidade": 0.3010055364837862, "Relev\u00e2ncia": 0.2715920509010167, "Coer\u00eancia": 0.31609998561721725}, "bertscore-p": {"Consist\u00eancia": 0.37574492104388935, "Naturalidade": 0.37312796981310703, "Relev\u00e2ncia": 0.3680278426639954, "Coer\u00eancia": 0.41797607731515196}, "bertscore-r": {"Consist\u00eancia": 0.38536887814868276, "Naturalidade": 0.3890187838270553, "Relev\u00e2ncia": 0.39796801134025195, "Coer\u00eancia": 0.3889583327523905}, "bertscore-f1": {"Consist\u00eancia": 0.40223027547653023, "Naturalidade": 0.4032237652512353, "Relev\u00e2ncia": 0.40451604101379, "Coer\u00eancia": 0.4273833451363085}, "moverscore": {"Consist\u00eancia": 0.26168058053153936, "Naturalidade": 0.30094475528080866, "Relev\u00e2ncia": 0.31771403803170095, "Coer\u00eancia": 0.2931208134485109}, "bartscore": {"Consist\u00eancia": 0.4150082926803465, "Naturalidade": 0.3844326484245766, "Relev\u00e2ncia": 0.4419829460239814, "Coer\u00eancia": 0.40235682387647626}}