{"Consist\u00eancia": 0.8689201976350385, "Naturalidade": 0.9718458243025772, "Relev\u00e2ncia": 0.9717581733654672, "Coer\u00eancia": 0.946692130592677}