{"bleu": 0.013977790573354876, "bleu-1": 0.22857667020443828, "bleu-2": 0.09428111908195755, "rouge-1": 0.2179713867215415, "rouge-2": 0.04675735066340364, "rouge-l": 0.1853827586230437, "meteor": 0.17522436390967594, "bertscore-p": 0.713187450170517, "bertscore-r": 0.7057611450552941, "bertscore-f1": 0.7092453703284264, "moverscore": 0.6063767513787874, "bartscore": -3.267811432480812}