{"bleu": {"Consist\u00eancia": 0.43135848907663266, "Naturalidade": 0.23573836240758378, "Relev\u00e2ncia": 0.4440205633631623, "Coer\u00eancia": 0.4284182528652961}, "bleu-1": {"Consist\u00eancia": 0.5085776351301764, "Naturalidade": 0.36516742794978463, "Relev\u00e2ncia": 0.502671311164604, "Coer\u00eancia": 0.49333815349540416}, "bleu-2": {"Consist\u00eancia": 0.5317402189456303, "Naturalidade": 0.371660872532366, "Relev\u00e2ncia": 0.5270189953354547, "Coer\u00eancia": 0.5251226695650213}, "rouge-1": {"Consist\u00eancia": 0.5775364150663902, "Naturalidade": 0.4487752644809848, "Relev\u00e2ncia": 0.5573868077295262, "Coer\u00eancia": 0.5549696193998561}, "rouge-2": {"Consist\u00eancia": 0.5011982014900451, "Naturalidade": 0.3305421396586145, "Relev\u00e2ncia": 0.5072420252763162, "Coer\u00eancia": 0.4911627067468404}, "rouge-l": {"Consist\u00eancia": 0.5654518456850075, "Naturalidade": 0.44477333821291065, "Relev\u00e2ncia": 0.5468961140123927, "Coer\u00eancia": 0.5438040604486718}, "meteor": {"Consist\u00eancia": 0.6101813513345513, "Naturalidade": 0.48594294504727564, "Relev\u00e2ncia": 0.5953029305984763, "Coer\u00eancia": 0.5885638729190809}, "bertscore-p": {"Consist\u00eancia": 0.5739298734068019, "Naturalidade": 0.45486772440847223, "Relev\u00e2ncia": 0.5831326925044209, "Coer\u00eancia": 0.5647162511847833}, "bertscore-r": {"Consist\u00eancia": 0.5938406736557742, "Naturalidade": 0.5110181913364961, "Relev\u00e2ncia": 0.596192800735469, "Coer\u00eancia": 0.5725313084278495}, "bertscore-f1": {"Consist\u00eancia": 0.601957244371085, "Naturalidade": 0.49683524964447173, "Relev\u00e2ncia": 0.6084140917798457, "Coer\u00eancia": 0.5874768010087548}, "moverscore": {"Consist\u00eancia": 0.4398522249322916, "Naturalidade": 0.263160965164334, "Relev\u00e2ncia": 0.44323495920017525, "Coer\u00eancia": 0.4220890064684359}, "bartscore": {"Consist\u00eancia": 0.6018961468480943, "Naturalidade": 0.47853677004493245, "Relev\u00e2ncia": 0.580498011658331, "Coer\u00eancia": 0.59284381578545}}