{"Consist\u00eancia": 0.798273426899887, "Naturalidade": 0.7306520856594907, "Relev\u00e2ncia": 0.7124669105696545, "Coer\u00eancia": 0.7433451297860734}