{"Consist\u00eancia": 3.4375, "Naturalidade": 4.05625, "Relev\u00e2ncia": 3.48125, "Coer\u00eancia": 3.55}