{"bleu": 0.18221323287201638, "bleu-1": 0.33857400804584775, "bleu-2": 0.24607613234026776, "rouge-1": 0.3363475185156398, "rouge-2": 0.22064057586232444, "rouge-l": 0.3319357538097575, "meteor": 0.38665311946599745, "bertscore-p": 0.7902298644185066, "bertscore-r": 0.8036448210477829, "bertscore-f1": 0.7957511648535729, "moverscore": 0.6569507885882528, "bartscore": -3.4001821473240854}